step,mean_reward,mean_improvement,mean_tokens,mean_prompt_leaks,datums,groups,elapsed_sec
1,-2.158730753356967,0.01441269246643033,60.0,0.0,4,2,35.08692002296448
2,-0.571381652001949,0.03193618347998051,62.75,0.0,4,2,70.80667018890381
3,-0.9762005688309832,0.026687994311690166,60.75,0.0,4,2,113.42997217178345
