step,train_reward,train_improvement,train_baseline,train_post,train_tokens,policy_entropy,greedy_reward,greedy_improvement,greedy_tokens,best_reference_reward,best_reference_improvement,best_reference_tokens,best_reference_action,greedy_action
1,3.792370985148645,0.06807370985148645,0.03278045394024208,0.10085416379172853,50.25,4.2766661190160535,7.749359914208227,0.10569359914208226,47,7.741056999271309,0.10561056999271308,47,place_values:rule:60:noquiz,place_values:rule:92:noquiz
2,5.371377915848103,0.08270127915848102,0.03961678918947251,0.12231806834795353,48.3125,4.26497810214097,7.749359914208227,0.10569359914208226,47,7.741056999271309,0.10561056999271308,47,place_values:rule:60:noquiz,place_values:rule:92:noquiz
3,3.164783599423176,0.059697835994231764,0.02811143949508146,0.08780927548931322,46.75,4.259633142341551,7.2953716235568296,0.11135371623556829,64,7.741056999271309,0.10561056999271308,47,place_values:rule:60:noquiz,place_values:rule:92:quiz
4,5.865377494126448,0.09270377494126447,0.04333669739996134,0.13604047234122582,56.75,4.241542903855053,7.2953716235568296,0.11135371623556829,64,7.741056999271309,0.10561056999271308,47,place_values:rule:60:noquiz,place_values:rule:92:quiz
5,6.077120146676849,0.08983370146676849,0.04396906385545629,0.1338027653222248,48.4375,4.208659556552336,7.2953716235568296,0.11135371623556829,64,7.741056999271309,0.10561056999271308,47,place_values:rule:60:noquiz,place_values:rule:92:quiz
6,5.110957224802102,0.08095957224802103,0.03713656406642748,0.1180961363144485,49.75,4.154019104713666,7.2953716235568296,0.11135371623556829,64,7.741056999271309,0.10561056999271308,47,place_values:rule:60:noquiz,place_values:rule:92:quiz
7,5.778983855479487,0.08812733855479486,0.029092961040322437,0.1172202995951173,50.5625,4.1484314776910285,7.2953716235568296,0.11135371623556829,64,7.741056999271309,0.10561056999271308,47,place_values:rule:60:noquiz,place_values:rule:92:quiz
8,4.667252438952913,0.07768502438952912,0.031959376782834156,0.10964440117236328,51.6875,4.13020899313881,7.2953716235568296,0.11135371623556829,64,7.741056999271309,0.10561056999271308,47,place_values:rule:60:noquiz,place_values:rule:92:quiz
